업태구분명,사업장명,지번주소,평점,리뷰수,이미지URL
한식,별채식당,강원특별자치도 춘천시 삭주로 75,4.1,200,https://search.pstatic.net/common/?src=https%3A%2F%2Fldb-phinf.pstatic.net%2F20231005_123%2F1696472919623WzaGd_JPEG%2F1000000405.jpg
한식,대암감자탕 한림대점,강원 춘천시 삭주로 67,3.6,201,https://search.pstatic.net/common/?src=https%3A%2F%2Fldb-phinf.pstatic.net%2F20190116_54%2F15476330411692TtTa_JPEG%2Ff0RIjYBtUbr7cIpTzNMJNpzh.jpg
한식,OK분식,강원 춘천시 삭주로 68-1,3.8,129,https://search.pstatic.net/common/?src=https%3A%2F%2Fblogfiles.pstatic.net%2FMjAyNjA0MzBfMjgw%2FMDAxNzc3NTQzNTUzOTQ0.035xoKyWlg0IQBt0Vna27nQnycaJAsYSW-xgMdJ_U0sg.17vRrBk7cPxWBYD33yULzuFaZRt85ZEXJ3eN13JLKM8g.JPEG%2FIMG%EF%BC%BF8603.jpg%2F900x1200
한식,우영야식,강원 춘천시 삭주로 64 CU 옆골목 모퉁이,4.0,23,https://search.pstatic.net/common/?src=https%3A%2F%2Fpup-review-phinf.pstatic.net%2FMjAyNjAyMTJfMjcx%2FMDAxNzcwODc3ODA5NjY0.qA64w3vkhdxB6X7Ib8CMHwZYO9gubHfmlA4l9e4EHZ4g.Ih_BCLUaBEyLMIu6LFhpaoWSktfgIwJTkXlYxcoMjxEg.JPEG%2F1000126167.jpg.jpg
한식,구마족발 한림대점,강원 춘천시 성심로 7 1층,4.1,99,https://search.pstatic.net/common/?src=https%3A%2F%2Fldb-phinf.pstatic.net%2F20251221_13%2F1766309980767EudkI_JPEG%2FIMG_9078.jpeg
일식,도쿄라멘춘천한림대점,강원 춘천시 삭주로 69,4.3,164,https://search.pstatic.net/common/?src=https%3A%2F%2Fldb-phinf.pstatic.net%2F20180827_164%2F1535346817088xXANi_JPEG%2FMberV62NSww70SV_Ol1AUdJE.jpg
일식,미성카츠,"강원 춘천시 삭주로 47 1,2층",4.7,110,https://search.pstatic.net/common/?src=https%3A%2F%2Fblogfiles.pstatic.net%2FMjAyNjA2MTlfMjk3%2FMDAxNzgxODMzMzcxNTU3.3xCnfQQCXdO6VQ3bk3BzJIQFkb32hahExtydjgb5GTkg.A1usIa7S185mM9Zag1mqr5sC-yShTHvfj348M6Y24O4g.JPEG%2FKakaoTalk_20260618_193918149_07.jpg%2F1081x1081
일식,오야초밥,강원 춘천시 삭주로 42 1층,4.6,892,https://search.pstatic.net/common/?src=https%3A%2F%2Fldb-phinf.pstatic.net%2F20230419_275%2F1681877591722iv2wT_JPEG%2FA7CBCC0C-8D0B-49B9-BFED-C52E07FD92F9.jpeg
일식,그래도 스시,강원 춘천시 삭주로 96-1,4.5,280,https://search.pstatic.net/common/?src=https%3A%2F%2Fldb-phinf.pstatic.net%2F20180607_116%2F1528337536274qop0t_JPEG%2FTdMLuIKMj_WPDVnvJMCRlCkF.jpg
일식,도쿄밥상,강원 춘천시 삭주로 112,4.0,84,https://search.pstatic.net/common/?src=https%3A%2F%2Fpup-review-phinf.pstatic.net%2FMjAyMzEwMjZfMTMg%2FMDAxNjk4MjUwODM0Nzc3.5YDsZjbw6VA9-pDyVpsHgGLy3AEuJyF7Xiv9XkdjS5Mg.PxAObvoCI8545DD-tdlBYfiIaFO4KFfA6AoZaql2Xisg.JPEG%2Fupload_a0ca8235f152196bcd4aa5526a45beac.jpeg
일식,미미카츠,"강원 춘천시 서부대성로 91 1,2층",4.3,5,https://search.pstatic.net/common/?src=https%3A%2F%2Fldb-phinf.pstatic.net%2F20250811_96%2F1754889583709uxkxz_JPEG%2FKakaoTalk_20250811_133110404.jpg
중식,룡의부활,강원 춘천시 삭주로70번길 26,4.2,39,https://search.pstatic.net/common/?src=https%3A%2F%2Fpup-review-phinf.pstatic.net%2FMjAyNTAxMDZfMjQ3%2FMDAxNzM2MTQyNjYxMDE0.rEf1ewXW2i0zfg3PVJwQ4CjQtkEmzj3hXDYiIncNfe0g.qDiBAWrsNELkjl7dkFc-Ko3v7kYe170wfi1ec7139ccg.JPEG%2F6CF313CC-76A5-428C-A407-E608B0543FAB.jpeg
중식,화산마라탕 한림대본점,강원 춘천시 삭주로 74 2층 화산마라탕,4.3,32,https://search.pstatic.net/common/?src=https%3A%2F%2Fldb-phinf.pstatic.net%2F20221104_271%2F1667516749255U4G91_JPEG%2F%25C8%25AD%25BB%25EA.jpg
중식,향리원 마라탕,강원 춘천시 성심로 8 1층,4.4,29,https://search.pstatic.net/common/?src=https%3A%2F%2Fldb-phinf.pstatic.net%2F20221024_169%2F1666590213785DhpfH_JPEG%2FFD685E72-FF70-4995-8B6A-80D96EA4A5B0.jpeg
양식,피자스쿨,강원 춘천시 삭주로 71 1층,4.3,337,https://search.pstatic.net/common/?src=https%3A%2F%2Fldb-phinf.pstatic.net%2F20221104_75%2F1667537168736caxsv_JPEG%2F%25C7%25C7%25C0%25DA%25BD%25BA%25C4%25F0.jpg
양식,맘스터치한림대점,강원 춘천시 성심로 4-1,3.9,641,https://search.pstatic.net/common/?src=https%3A%2F%2Fldb-phinf.pstatic.net%2F20230829_137%2F1693282401170BAq7o_PNG%2F%25B7%25CE%25B0%25ED_%25C1%25A4%25B9%25E6%25C7%25FC.png
양식,피자알볼로,강원 춘천시 삭주로 53,4.0,507,https://search.pstatic.net/common/?src=https%3A%2F%2Fldb-phinf.pstatic.net%2F20250714_90%2F1752464329547ggTD3_JPEG%2F20th-%25B7%25CE%25B0%25ED.jpg
양식,일과사랑,강원 춘천시 삭주로 51 일과사랑,4.8,547,https://search.pstatic.net/common/?src=https%3A%2F%2Fldb-phinf.pstatic.net%2F20250408_263%2F17440887298014FuGy_JPEG%2FIMG_0114.jpeg
양식,상린,강원 춘천시 교동길17번길 11,4.2,667,https://search.pstatic.net/common/?src=https%3A%2F%2Fldb-phinf.pstatic.net%2F20190122_22%2F1548143560166e5u8v_JPEG%2FbIiBnooK3aMNrTTbBEjBvcEU.jpeg.jpg
디저트,와플칸 한림대점,강원 춘천시 삭주로 64 1층,4.0,212,https://search.pstatic.net/common/?src=https%3A%2F%2Fldb-phinf.pstatic.net%2F20230103_192%2F1672725994779YEyys_JPEG%2F20221125_190125.jpg
디저트,팔공티 한림대점,강원 춘천시 성심로 4-1,4.1,120,https://search.pstatic.net/common/?src=https%3A%2F%2Fldb-phinf.pstatic.net%2F20190601_198%2F15593776457598pm5h_JPEG%2FQGo70m5rYAc-hx1Zqy4FvF7f.jpg
디저트,컴포즈커피 춘천한림대점,강원 춘천시 삭주로 75,3.9,12,https://search.pstatic.net/common/?src=https%3A%2F%2Fldb-phinf.pstatic.net%2F20220818_189%2F1660798795831ImT1K_JPEG%2FKakaoTalk_Moim_79DPRwwu4JkdOlDXR3DTc4WtyLmTrd.jpg
디저트,빽다방 춘천한림대점,강원 춘천시 삭주로 64 1층,4.5,811,https://search.pstatic.net/common/?src=https%3A%2F%2Fldb-phinf.pstatic.net%2F20250210_28%2F1739161743794Lm83X_JPEG%2F1000009211.jpg
디저트,이디야커피 한림대점,"강원 춘천시 삭주로 62 2,3층",4.5,149,https://search.pstatic.net/common/?src=https%3A%2F%2Fpup-review-phinf.pstatic.net%2FMjAyNTExMThfMTMx%2FMDAxNzYzNDQxMzkzMzkx.hoqZFCFUmeXcjO_2V-ZyK3o5sS7eKsNTsWDwoHpTkQcg.AN7PXFhUcHCDkB889km_K8VX_zgjhlj9fP0VQzrk8TQg.JPEG%2F20251118_131750.jpg.jpg
