업태구분명,사업장명,지번주소,위도,경도,변환주소,지오코딩상태,매칭점수
경양식,배고파,강원특별자치도 춘천시 교동 137-2 ,37.881432379541,127.734952041756,강원특별자치도 춘천시 교동 137-2,성공,100.0
경양식,상린,강원특별자치도 춘천시 교동 146-12 ,37.881258916055,127.736008077737,강원특별자치도 춘천시 교동 146-12,성공,100.0
경양식,엄마손식당,강원특별자치도 춘천시 교동 152-1 (지하1층) ,37.88360358583,127.738317878795,강원특별자치도 춘천시 교동 152-1,성공,98.0
경양식,진스키친,강원특별자치도 춘천시 교동 93-28 ,37.883327066844,127.736780637753,강원특별자치도 춘천시 교동 93-28,성공,100.0
경양식,한림광장,강원특별자치도 춘천시 교동 157-16 1층 ,37.882535605637,127.739321444062,강원특별자치도 춘천시 교동 157-16,성공,98.95
기타,그라시아,강원특별자치도 춘천시 교동 148-4 ,37.881632204112,127.735339620959,강원특별자치도 춘천시 교동 148-4,성공,100.0
기타,꼴두바우,강원특별자치도 춘천시 교동 11-14 ,37.882587531527,127.737196044874,강원특별자치도 춘천시 교동 11-14,성공,100.0
기타,라이키,강원특별자치도 춘천시 교동 136-12 ,37.881840745863,127.734999818604,강원특별자치도 춘천시 교동 136-12,성공,100.0
기타,미성카츠,강원특별자치도 춘천시 교동 16-27 ,37.88292230474,127.736154341947,강원특별자치도 춘천시 교동 16-27,성공,100.0
기타,바게트하우스,강원특별자치도 춘천시 교동 93-177 ,37.883409419043,127.737274164212,강원특별자치도 춘천시 교동 93-177,성공,100.0
기타,반올림피자샵춘천1호점,강원특별자치도 춘천시 교동 149-8 ,37.882266714183,127.736067673069,강원특별자치도 춘천시 교동 149-8,성공,100.0
기타,분식집에하숙하는붕어빵,강원특별자치도 춘천시 교동 136-7 ,37.881446125862,127.734512913849,강원특별자치도 춘천시 교동 136-7,성공,100.0
기타,빌즈버거,강원특별자치도 춘천시 교동 135-13 ,37.877686381283,127.735687637579,강원특별자치도 춘천시 교동 135-13,성공,100.0
기타,소확행피자춘천광장점,강원특별자치도 춘천시 교동 126-18 ,37.878226092029,127.736700506758,강원특별자치도 춘천시 교동 126-18,성공,100.0
기타,우영야식,강원특별자치도 춘천시 교동 15-3 ,37.883284277228,127.737936250743,강원특별자치도 춘천시 교동 15-3,성공,100.0
기타,존버당,강원특별자치도 춘천시 교동 158-21 ,37.883242200074,127.738463304815,강원특별자치도 춘천시 교동 158-21,성공,100.0
기타,책방달방,강원특별자치도 춘천시 교동 93-95 ,37.883206870352,127.734253577764,강원특별자치도 춘천시 교동 93-95,성공,100.0
기타,토마토도시락춘천한림대점,"강원특별자치도 춘천시 교동 152-3 152-2,152-8(1층) ",37.883584433181,127.738508818549,강원특별자치도 춘천시 교동 152-3,성공,96.15
기타,페이크러버스,강원특별자치도 춘천시 교동 150-6 ,37.882440512945,127.735627371695,강원특별자치도 춘천시 교동 150-6,성공,100.0
기타,피자스쿨춘천한림대점,강원특별자치도 춘천시 교동 152-5 ,37.883614440394,127.738689951477,강원특별자치도 춘천시 교동 152-5,성공,100.0
김밥(도시락),한솥도시락한림대앞점,강원특별자치도 춘천시 교동 158-1 ,37.883323336897,127.738296169666,강원특별자치도 춘천시 교동 158-1,성공,100.0
분식,가람스넥,강원특별자치도 춘천시 교동 93-155 ,37.885337633959,127.7346157598,강원특별자치도 춘천시 교동 93-155,성공,100.0
분식,고향스넥,강원특별자치도 춘천시 교동 93-157 ,37.885252557641,127.734725059818,강원특별자치도 춘천시 교동 93-157,성공,100.0
분식,도스마스한림대점,강원특별자치도 춘천시 교동 156-5 ,37.882667411064,127.739639788745,강원특별자치도 춘천시 교동 156-5,성공,100.0
분식,도쿄라멘춘천한림대점,강원특별자치도 춘천시 교동 152-3 ,37.883584433181,127.738508818549,강원특별자치도 춘천시 교동 152-3,성공,100.0
분식,딜리버리프렌즈,강원특별자치도 춘천시 교동 137-1 ,37.881544864681,127.735046505805,강원특별자치도 춘천시 교동 137-1,성공,100.0
분식,본가김밥,강원특별자치도 춘천시 교동 136-13 ,37.881928839666,127.735100736718,강원특별자치도 춘천시 교동 136-13,성공,100.0
분식,클라로,강원특별자치도 춘천시 교동 93-193 ,37.883277487887,127.737128402915,강원특별자치도 춘천시 교동 93-193,성공,100.0
식육(숯불구이),낙지락지,강원특별자치도 춘천시 교동 154-1 ,37.883289013004,127.739961318551,강원특별자치도 춘천시 교동 154-1,성공,100.0
식육(숯불구이),동신 냉삼집,강원특별자치도 춘천시 교동 152-1 ,37.88360358583,127.738317878795,강원특별자치도 춘천시 교동 152-1,성공,100.0
식육(숯불구이),메가푸드,강원특별자치도 춘천시 교동 156-1 ,37.883147149292,127.739423451824,강원특별자치도 춘천시 교동 156-1,성공,100.0
식육(숯불구이),우영갈비,강원특별자치도 춘천시 교동 135-1 ,37.877917344625,127.735627120238,강원특별자치도 춘천시 교동 135-1,성공,100.0
식육(숯불구이),화양객잔,강원특별자치도 춘천시 교동 18-2 ,37.882832366919,127.736010257032,강원특별자치도 춘천시 교동 18-2,성공,100.0
일식,블루핀,강원특별자치도 춘천시 교동 85-2 ,37.880592261385,127.734158191706,강원특별자치도 춘천시 교동 85-2,성공,100.0
일식,성심로11,강원특별자치도 춘천시 교동 156-5 ,37.882667411064,127.739639788745,강원특별자치도 춘천시 교동 156-5,성공,100.0
일식,야키토리무명,강원특별자치도 춘천시 교동 162-1 ,37.881741001216,127.740501029296,강원특별자치도 춘천시 교동 162-1,성공,100.0
중국식,오필승닭발한림대점,강원특별자치도 춘천시 교동 157-25 ,37.883227238377,127.739023635042,강원특별자치도 춘천시 교동 157-25,성공,100.0
중국식,화산마라탕,강원특별자치도 춘천시 교동 157-15 ,37.883351206725,127.738917939243,강원특별자치도 춘천시 교동 157-15,성공,100.0
통닭(치킨),네네치킨(교동후평점),강원특별자치도 춘천시 교동 160-6 ,37.881490675677,127.739961570008,강원특별자치도 춘천시 교동 160-6,성공,100.0
통닭(치킨),맘스터치한림대점,강원특별자치도 춘천시 교동 157-26 ,37.883120662478,127.73906629893,강원특별자치도 춘천시 교동 157-26,성공,100.0
통닭(치킨),파닭에파무쳐(춘천1호점),강원특별자치도 춘천시 교동 164-5 ,37.880792463143,127.739880349366,강원특별자치도 춘천시 교동 164-5,성공,100.0
통닭(치킨),포차천국,강원특별자치도 춘천시 교동 156-4 ,37.882778722738,127.739605087666,강원특별자치도 춘천시 교동 156-4,성공,100.0
한식,고바우부대찌개,강원특별자치도 춘천시 교동 156-27 ,37.883423794007,127.739687481774,강원특별자치도 춘천시 교동 156-27,성공,100.0
한식,구마족발한림대점,강원특별자치도 춘천시 교동 156-23 ,37.88290927088,127.739595699934,강원특별자치도 춘천시 교동 156-23,성공,100.0
한식,대암감자탕한림대점,강원특별자치도 춘천시 교동 152-1 ,37.88360358583,127.738317878795,강원특별자치도 춘천시 교동 152-1,성공,100.0
한식,돼학로,강원특별자치도 춘천시 교동 150-8 ,37.882606809904,127.735908500727,강원특별자치도 춘천시 교동 150-8,성공,100.0
한식,딜리버리춘천점,강원특별자치도 춘천시 교동 156-1 ,37.883147149292,127.739423451824,강원특별자치도 춘천시 교동 156-1,성공,100.0
한식,룡의부활,강원특별자치도 춘천시 교동 117-1 (1층) ,37.881206906345,127.739144502086,강원특별자치도 춘천시 교동 117-1,성공,98.89
한식,명백집춘천점,강원특별자치도 춘천시 교동 156-23 ,37.88290927088,127.739595699934,강원특별자치도 춘천시 교동 156-23,성공,100.0
한식,미가락,강원특별자치도 춘천시 교동 157-13 ,37.882750769091,127.739123463509,강원특별자치도 춘천시 교동 157-13,성공,100.0
한식,별채식당,강원특별자치도 춘천시 교동 152-7 ,37.883661127595,127.738994466019,강원특별자치도 춘천시 교동 152-7,성공,100.0
한식,부자네토종순대국,강원특별자치도 춘천시 교동 11-1 ,37.883218395469,127.737666018185,강원특별자치도 춘천시 교동 11-1,성공,100.0
한식,성심로11-1,강원특별자치도 춘천시 교동 156-6 ,37.882547633668,127.739598885057,강원특별자치도 춘천시 교동 156-6,성공,100.0
한식,송가네냉면주는알밥집,강원특별자치도 춘천시 교동 156-16 ,37.883406066281,127.739556975541,강원특별자치도 춘천시 교동 156-16,성공,100.0
한식,아바이순대국,강원특별자치도 춘천시 교동 154 ,37.883439300528,127.739956624685,강원특별자치도 춘천시 교동 154,성공,100.0
한식,옛촌,강원특별자치도 춘천시 교동 86-7 ,37.881010434535,127.734276544179,강원특별자치도 춘천시 교동 86-7,성공,100.0
한식,오늘산책,강원특별자치도 춘천시 교동 113-47 ,37.879958254229,127.738794641448,강원특별자치도 춘천시 교동 113-47,성공,100.0
한식,오야,강원특별자치도 춘천시 교동 149-12 ,37.882222918739,127.735930545133,강원특별자치도 춘천시 교동 149-12,성공,100.0
한식,와플칸 한림대점,강원특별자치도 춘천시 교동 15-3 ,37.883284277228,127.737936250743,강원특별자치도 춘천시 교동 15-3,성공,100.0
한식,육면,강원특별자치도 춘천시 교동 55-8 ,37.881402875242,127.732950694735,강원특별자치도 춘천시 교동 55-8,성공,100.0
한식,진주밥상,강원특별자치도 춘천시 교동 156-28 ,37.883305818719,127.739684464289,강원특별자치도 춘천시 교동 156-28,성공,100.0
한식,푸릉,강원특별자치도 춘천시 교동 156-8 ,37.882412559298,127.739655881999,강원특별자치도 춘천시 교동 156-8,성공,100.0
한식,한림양장,강원특별자치도 춘천시 교동 156-23 ,37.88290927088,127.739595699934,강원특별자치도 춘천시 교동 156-23,성공,100.0
한식,향리원 마라탕,강원특별자치도 춘천시 교동 157-17 ,37.882925908958,127.739199235914,강원특별자치도 춘천시 교동 157-17,성공,100.0
호프/통닭,대박소주방,강원특별자치도 춘천시 교동 136-7 ,37.881446125862,127.734512913849,강원특별자치도 춘천시 교동 136-7,성공,100.0
호프/통닭,치맥한잔,강원특별자치도 춘천시 교동 112-14 1층 ,37.879784036372,127.737017761793,강원특별자치도 춘천시 교동 112-14,성공,98.95
호프/통닭,투썸플레이스한림대점,강원특별자치도 춘천시 교동 156-2 외1필지 ,37.883153645267,127.73954063083,강원특별자치도 춘천시 교동 156-2,성공,98.0
호프/통닭,풀잎,강원특별자치도 춘천시 교동 152-7 ,37.883661127595,127.738994466019,강원특별자치도 춘천시 교동 152-7,성공,100.0
호프/통닭,한림골,강원특별자치도 춘천시 교동 156-3 ,37.883032862043,127.739525375766,강원특별자치도 춘천시 교동 156-3,성공,100.0
호프/통닭,할머니순대국,강원특별자치도 춘천시 교동 4-20 ,37.8832053197,127.74023926246,강원특별자치도 춘천시 교동 4-20,성공,100.0
