"업태구분명","사업장명","지번주소"
"기타","빌즈버거","강원특별자치도 춘천시 교동 135-13 "
"한식","명백집춘천점","강원특별자치도 춘천시 교동 156-23 "
"한식","한림양장","강원특별자치도 춘천시 교동 156-23 "
"통닭(치킨)","포차천국","강원특별자치도 춘천시 교동 156-4 "
"호프/통닭","대박소주방","강원특별자치도 춘천시 교동 136-7 "
"기타","우영야식","강원특별자치도 춘천시 교동 15-3 "
"식육(숯불구이)","낙지락지","강원특별자치도 춘천시 교동 154-1 "
"식육(숯불구이)","우영갈비","강원특별자치도 춘천시 교동 135-1 "
"한식","육면","강원특별자치도 춘천시 교동 55-8 "
"기타","꼴두바우","강원특별자치도 춘천시 교동 11-14 "
"한식","푸릉","강원특별자치도 춘천시 교동 156-8 "
"기타","바게트하우스","강원특별자치도 춘천시 교동 93-177 "
"식육(숯불구이)","메가푸드","강원특별자치도 춘천시 교동 156-1 "
"기타","반올림피자샵춘천1호점","강원특별자치도 춘천시 교동 149-8 "
"한식","송가네냉면주는알밥집","강원특별자치도 춘천시 교동 156-16 "
"분식","도쿄라멘춘천한림대점","강원특별자치도 춘천시 교동 152-3 "
"통닭(치킨)","네네치킨(교동후평점)","강원특별자치도 춘천시 교동 160-6 "
"한식","돼학로","강원특별자치도 춘천시 교동 150-8 "
"호프/통닭","한림골","강원특별자치도 춘천시 교동 156-3 "
"한식","부자네토종순대국","강원특별자치도 춘천시 교동 11-1 "
"식육(숯불구이)","화양객잔","강원특별자치도 춘천시 교동 18-2 "
"기타","페이크러버스","강원특별자치도 춘천시 교동 150-6 "
"식육(숯불구이)","동신 냉삼집","강원특별자치도 춘천시 교동 152-1 "
"호프/통닭","풀잎","강원특별자치도 춘천시 교동 152-7 "
"김밥(도시락)","한솥도시락한림대앞점","강원특별자치도 춘천시 교동 158-1 "
"한식","옛촌","강원특별자치도 춘천시 교동 86-7 "
"일식","블루핀","강원특별자치도 춘천시 교동 85-2 "
"기타","그라시아","강원특별자치도 춘천시 교동 148-4 "
"분식","클라로","강원특별자치도 춘천시 교동 93-193 "
"일식","야키토리무명","강원특별자치도 춘천시 교동 162-1 "
"한식","미가락","강원특별자치도 춘천시 교동 157-13 "
"경양식","배고파","강원특별자치도 춘천시 교동 137-2 "
"한식","오야","강원특별자치도 춘천시 교동 149-12 "
"한식","성심로11-1","강원특별자치도 춘천시 교동 156-6 "
"기타","토마토도시락춘천한림대점","강원특별자치도 춘천시 교동 152-3 152-2,152-8(1층) "
"분식","도스마스한림대점","강원특별자치도 춘천시 교동 156-5 "
"분식","가람스넥","강원특별자치도 춘천시 교동 93-155 "
"한식","오늘산책","강원특별자치도 춘천시 교동 113-47 "
"호프/통닭","투썸플레이스한림대점","강원특별자치도 춘천시 교동 156-2 외1필지 "
"한식","구마족발한림대점","강원특별자치도 춘천시 교동 156-23 "
"경양식","엄마손식당","강원특별자치도 춘천시 교동 152-1 (지하1층) "
"일식","성심로11","강원특별자치도 춘천시 교동 156-5 "
"분식","본가김밥","강원특별자치도 춘천시 교동 136-13 "
"한식","향리원 마라탕","강원특별자치도 춘천시 교동 157-17 "
"경양식","상린","강원특별자치도 춘천시 교동 146-12 "
"기타","분식집에하숙하는붕어빵","강원특별자치도 춘천시 교동 136-7 "
"기타","존버당","강원특별자치도 춘천시 교동 158-21 "
"호프/통닭","할머니순대국","강원특별자치도 춘천시 교동 4-20 "
"통닭(치킨)","맘스터치한림대점","강원특별자치도 춘천시 교동 157-26 "
"기타","미성카츠","강원특별자치도 춘천시 교동 16-27 "
"중국식","화산마라탕","강원특별자치도 춘천시 교동 157-15 "
"경양식","한림광장","강원특별자치도 춘천시 교동 157-16 1층 "
"호프/통닭","치맥한잔","강원특별자치도 춘천시 교동 112-14 1층 "
"한식","와플칸 한림대점","강원특별자치도 춘천시 교동 15-3 "
"기타","책방달방","강원특별자치도 춘천시 교동 93-95 "
"기타","피자스쿨춘천한림대점","강원특별자치도 춘천시 교동 152-5 "
"한식","대암감자탕한림대점","강원특별자치도 춘천시 교동 152-1 "
"기타","라이키","강원특별자치도 춘천시 교동 136-12 "
"통닭(치킨)","파닭에파무쳐(춘천1호점)","강원특별자치도 춘천시 교동 164-5 "
"기타","소확행피자춘천광장점","강원특별자치도 춘천시 교동 126-18 "
"한식","별채식당","강원특별자치도 춘천시 교동 152-7 "
"한식","고바우부대찌개","강원특별자치도 춘천시 교동 156-27 "
"중국식","오필승닭발한림대점","강원특별자치도 춘천시 교동 157-25 "
"한식","룡의부활","강원특별자치도 춘천시 교동 117-1 (1층) "
"분식","고향스넥","강원특별자치도 춘천시 교동 93-157 "
"분식","딜리버리프렌즈","강원특별자치도 춘천시 교동 137-1 "
"한식","딜리버리춘천점","강원특별자치도 춘천시 교동 156-1 "
"경양식","진스키친","강원특별자치도 춘천시 교동 93-28 "
"한식","아바이순대국","강원특별자치도 춘천시 교동 154 "
"한식","진주밥상","강원특별자치도 춘천시 교동 156-28 "
