업태구분명,사업장명
기타,하프앤로프
기타,여름밭
기타,낙원별
기타,춘천안식원장례식장(주)
기타,코끼리카페춘천점
기타,소양라이스랩
기타,춘천애견카페멍
기타,붐붐
기타,와인집(WINE ZIP)
기타,이디야커피춘천후석로점
기타,우지커피춘천후평점
기타,오늘도곱창
기타,파스타예요춘천점
기타,그라시아커피로스터스
기타,샐러리아춘천시청점
기타,로지오뎅남춘천역점
기타,우지커피춘천소양스타리버점
기타,마라킹
기타,소풍스낵
기타,군들정원
기타,도화계
기타,데이븐(Day-ven)
기타,리희룸
기타,하늘흑염소
기타,아도베라
기타,치바
기타,코너스톤(CORNERSTONE)
기타,카르페
기타,감자아일랜드
기타,시골장터마트
기타,빌즈버거
기타,마녀포차
기타,카페방학
기타,숲속까페
기타,느릿닭강정
기타,끽다
기타,카페우드리
기타,만두이섬춘천거두점
기타,마켓2571(MARKET2571)
기타,만두이섬춘천중앙점
기타,카페공지천
기타,끼리끼리
기타,자운카페차
기타,마레(mare)
기타,풍차장어
기타,샌치한데이강대후문점
기타,SEASON GREEN(시즌그린)
기타,광장칼국수
기타,대박
기타,상하이마라꼬치춘천석사점
기타,오이트에스프레소바
기타,왕소나무막국수
기타,김밥킹석사점
기타,신포리커피집
기타,리얼스노우(Real-Snow)
기타,루이스(louis)
기타,홍어랑돼지랑
기타,장가네솥뚜껑문경약돌돼지
기타,환희관
기타,퍼스트러브(First Love)
기타,유미카츠춘천우두점
기타,작은식당
기타,쌍팔통닭춘천온의점
기타,밀봄숲
기타,유로코피자효자동점
기타,노모어피자(춘천점)
기타,어컵오브티(a cup of Tea)
기타,파란만잔강원대60주년기념관점
기타,강촌그냥
기타,리얼다이어트캠프안피트니스컴퍼니
기타,오달구한우목장강촌마루능이백숙
기타,텐텐카츠본점
기타,타코비춘천점
기타,공간스튜디오카페
기타,바틀(bar틀)
기타,카페문
기타,신북피자
기타,올더쭈꾸미
기타,더홈
기타,이태원
기타,미오브런치카페
기타,타코로퇴계점
기타,화담
기타,낭만의거리
기타,그늘집(밸리스타트하우스)
기타,햇골길34
기타,우영야식
기타,움버거앤윙스더잭슨나인스호텔춘천점
기타,싣나모
기타,태양부양꼬치
기타,우두동밥집
기타,글로벌라운지
기타,마더제이레시피in춘천
기타,신낙지마루
기타,그늘집(레이크그늘집)
기타,도래샘쉼터
기타,그늘집(힐그늘집)
기타,그늘집(밸리그늘집)
기타,LU'VEAT(러빗)
기타,황가네밥집
기타,카페줌
기타,폭풍의 언덕
기타,연작업실
기타,두레통닭춘천석사점
기타,아짙오공일
기타,빅스타피자롯데마트춘천점
기타,소양강숯불장어촌
기타,콩이와쌀자루가오란다
기타,소소리
기타,인연찻집
기타,하버
기타,한중관
기타,꼴두바우
기타,식어도바삭한동서재닭강정
기타,닭다리순살하나만제대로하는집
기타,샵카페
기타,파스타라이크
기타,위드제이에스1
기타,냉삼국민학교
기타,펀비어킹춘천한숲시티점
기타,인생건어물공지천점
기타,그린닭갈비
기타,유정역
기타,숙성21
기타,메가박스 중앙(주) 춘천석사지점
기타,큐스타앤펍
기타,소담소담카페
기타,오르막
기타,자담치킨애막골점
기타,알케이
기타,오늘키친
기타,소문(小門)
기타,산촌마을
기타,산뜰
기타,시골낙지
기타,필인두드림
기타,스무숲길가
기타,바게트하우스
기타,가인
기타,로즈드마이
기타,느만장
기타,고미당
기타,파피루스
기타,구팔범
기타,와꾸만
기타,프리에어스페이스(Free Air Space)
기타,조선땡초우동춘천점
기타,산마루
기타,반올림피자샵춘천1호점
기타,김밥옆구리
기타,카페마르
기타,샤브명가
기타,노랑노랑
기타,황금밥상
기타,포아이니춘천후평점
기타,카페455
기타,감포생아구찜
기타,TRAM(트램)
기타,라데나골프클럽(스타트하우스)
기타,(주)춘천장어마을
기타,조선점쟁이강신무점술카페
기타,문화돈까스
기타,일만족발춘천점
기타,리얼카맥
기타,파머스가든
기타,셀카페
기타,그랑프리당구장
기타,이랏샤이밤새
기타,호수를베고누워
기타,그레이빌
기타,송암42
기타,더담은숯불닭갈비
기타,더담은숯불닭갈비
기타,교토정원
기타,전통황실김치찜&찌개춘천점
기타,연애골토종닭백숙
기타,카페오즈
기타,이소
기타,금옥
기타,수내닭꼬치(퇴계점)
기타,황가네감자옹심이
기타,마라공방
기타,오월정원
기타,장터먹거리
기타,봄내스크린골프
기타,옐로우피자춘천점
기타,메가엠지씨커피춘천애막골점
기타,부다페스트
기타,토가돈
기타,페리카나석사점
기타,벤첼리
기타,길가애
기타,윌골프존&프렌즈스크린
기타,톰커피바
기타,거두팔팔순대국
기타,우체통
기타,씨지브이춘천매점(1)
기타,삼천동카페
기타,솔길따라앤종가유황오리
기타,둥지
기타,이편한스크린골프
기타,고릴라
기타,육선도
기타,9우미닭갈비만천점
기타,비비큐(BBQ)춘천조양점
기타,마라천향미마라탕
기타,후평포차
기타,식신
기타,치즈보이
기타,샐러디온의점
기타,감
기타,디스틸드
기타,처방전
기타,그빵집비비
기타,책방 바라타리아
기타,원더월(WONDERWALL)
기타,프렌치쪽갈비춘천스무숲점
기타,우정죽강대병원점
기타,청담피자춘천점
기타,케밥하우스
기타,피에스타펜션
기타,지내리기름집
기타,빽다방춘천강북점
기타,두바퀴쉼터
기타,열두달평양손만두
기타,태양곱창춘천후평점
기타,엄마생각
기타,피자헛석사점
기타,사이타마
기타,햄릿과올리브
기타,명동뭉텅찌개
기타,오르미
기타,프랭크치즈버거(춘천우두점)
기타,공지천
기타,명가호반닭갈비막국수(퇴계점)
기타,데일리왓더버거
기타,청평산장
기타,뚝심이네보쌈족발
기타,샐러디춘천퇴계점
기타,카페맑은물
기타,한상가득박사로점
기타,토스트뱅크
기타,스윙까페앤베이커리
기타,홍농댁
기타,뀨
기타,우리돈까스 용천옛날통닭
기타,joc젤라또(journey of cream)
기타,수환닭발
기타,샌드소양
기타,카페로퍼
기타,피자나라치킨공주춘천우두점
기타,잔잔디식당
기타,춘천장어선생
기타,최고집순대국왕감자탕
기타,와우당냉면
기타,시즌즈(SEASONS)
기타,사이라
기타,백령
기타,그린그라스스무숲길점
기타,본도시락춘천점
기타,쉬러와
기타,시율
기타,비밀기지
기타,브라이드그룸
기타,연들레
기타,강촌삼겹살
기타,커피브라운
기타,단편
기타,서가네매운갈비찜
기타,굿손춘천엔타점
기타,24h디저트하우스(24h Dessert House)
기타,홍천메밀부침
기타,포지티브즈(Positives)
기타,주식회사더테라리움
기타,도넛앤커피
기타,보울릭포케&아사이볼
기타,프렌즈스크린퀸텀애막골점
기타,맘인더가든스카이워크점
기타,더벤티강원대점
기타,거제해녀집
기타,신북클래식
기타,전여사푸드
기타,일리터
기타,냇가가든
기타,편편집 춘천삼천점
기타,준독라운지
기타,반주
기타,심야화로우두점
기타,수작카츠엔드한스델리
기타,내가바로김밥이다
기타,그랑셰프(콘도)
기타,케이에프씨춘천석사
기타,이야기
기타,툇골오리
기타,스넬커피로스터스
기타,둘둘치킨
기타,더모먼트(The moment)
기타,온고갤러리카페
기타,짱인
기타,블루문
기타,러블리숑숑
기타,꼬삔이카페
기타,방콕66
기타,송어회담
기타,휴먼시아스크린휴게실
기타,생그레
기타,초이랑
기타,미가득
기타,계춘
기타,인더파인
기타,윤스꼬 맥반석숯불문어와닭갈비
기타,라라랜드
기타,오븐마루춘천후평점
기타,육회바른연어퇴계CGV점
기타,돈가스와육칼
기타,별하네해마루
기타,도우도우
기타,페이크러버스
기타,케이크베이크(cake bake)
기타,공식술상
기타,까페123
기타,파스따남
기타,돌다리야채곱창
기타,유캔두잇춘천효자점
기타,커넥트원원키친
기타,아키친
기타,다옥(茶屋)
기타,이상원미술관
기타,큭큭피자춘천점
기타,블름한국다례문화원
기타,바른양식당
기타,정식당
기타,리네
기타,카페라피스(cafe_Lapis)
기타,라비에벨 올드코스4T 그늘집식당
기타,착한왕감자탕
기타,카파베레카(Kaffa Bereka)
기타,미담미채
기타,춘천라모스버거
기타,정원달빛
기타,여기빵집
기타,제이비(JB)
기타,맛자랑튀김
기타,버치앤브레드
기타,미분당춘천점
기타,라비에벨 올드코스15T 그늘집식당
기타,라비에벨 올드코스 스타트하우스식당
기타,라비에벨올드코스대식당
기타,알린(AHLIN)
기타,도그스테이블석사점
기타,주주객잔
기타,카쿠레가춘천점
기타,피콜로
기타,만애칼국수
기타,위찜우두점
기타,치킨포차
기타,와우
기타,오늘엔
기타,그대별처럼
기타,주식회사 글로벌콘텐츠그룹
기타,쉘터462(shelter 462)
기타,33떡볶이
기타,양지다방
기타,고유
기타,거두108
기타,(주)유기농카페
기타,밥풀릭스춘천점
기타,곱분이곱창&미친김치찜후평점
기타,엠83대가
기타,춘천에서온편지
기타,도자기카페길
기타,카페줌
기타,79대포춘천우두점
기타,제육한상
기타,빈스키친
기타,장학삼겹살
기타,미순이네제과점
기타,백다시육
기타,무와다이닝
기타,벤치(cafe Bench)
기타,명륜진사갈비춘천퇴계점
기타,봄내농원춘천퇴계동본점
기타,도우
기타,예그리나
기타,젤리통통
기타,설아포차
기타,카페떼아뜨로(Cafe Teatro)
기타,카페429-1지내리
기타,커피밀
기타,엉클스게스트하우스
기타,더조은명가손만두퇴계점
기타,쌈빠찹쌀강정
기타,청계곱창
기타,글렌테일
기타,포레스트스크린
기타,카페피콜라
기타,오소냉삼
기타,오케이(OK)카페
기타,뮤즈앤브루
기타,모토모토
기타,소소베이글
기타,카페레이크뷰
기타,토리키치남춘천점
기타,하나축산정육식당
기타,그라시아
기타,대만족춘천점
기타,온의동베이커리
기타,이디야춘천애막골점
기타,원더버거
기타,일박이일명물돈갈비
기타,더바른정국밥
기타,홍콩반점0410 춘천거두리점
기타,어구어
기타,데이빗하우스
기타,베어크리크춘천 클럽하우스대식당
기타,자갈치브라더스춘천후평점
기타,멋갤러리카페
기타,베어크리크춘천 스타트하우스
기타,그라시아브런치카페
기타,플레이스103(은하수카페)
기타,해방
기타,수제버거락벅
기타,단판
기타,촌닭두마리
기타,프랭크버거춘천강원대점
기타,봄내뒤뚜루
기타,버니하우스
기타,해물도
기타,카페알로하
기타,프롬마인드(FROMMIND)
기타,페리토(perrito)
기타,쪼바
기타,올라
기타,츄러스아저씨
기타,단우물카페
기타,도나커피
기타,몬나니젤라또
기타,그래그래피자떡볶이춘천점
기타,아람푸드
기타,웨어커피
기타,몰트앤뮤직
기타,공지천제빵소
기타,그라운댕
기타,아써르티(ASSORTY)
기타,그루잠
기타,카페다올
기타,컵앤캔
기타,더 쉘터
기타,카페래빗가든(Cafe rabbit garden)
기타,파쎄스위트
기타,카페로떤느
기타,꿀꿀이수육국밥
기타,프렌즈스크린사농동점
기타,지앤씨골프삼천동스크린
기타,모민(momin)
기타,코이코히
기타,오더히어버거
기타,타프로스터스
기타,춘맥
기타,에이셉피자춘천점
기타,도손도손
기타,투다리퇴계타운점
기타,아보카도
기타,미미카츠
기타,레일로드
기타,메가펍
기타,문배힐하우스
기타,쌈육정
기타,엘타코호초
기타,정가네오골계선생
기타,토마토도시락춘천한림대점
기타,팔봉스넥
기타,데이앤나이트식당
기타,맑음때때로비
기타,속초회냉면
기타,부산산꼼장어
기타,다래전마당
기타,프랭크버거춘천퇴계점
기타,각광
기타,순대집
기타,카페소소한
기타,까몬 춘천점
기타,가로술길
기타,락코피아
기타,참좋은자리
기타,브릭스피자
기타,꽃담은
기타,올데이브런치
기타,정육식당우두길
기타,오늘도맑음
기타,프랭크버거우두택지점
기타,신북커피
기타,풍류365
기타,마하싯다커리
기타,춘천막국수체험박물관
기타,골프존파크퇴계이안점
기타,오얏나무주막
기타,향리원마라탕춘천우두점
기타,청년다방춘천온의점
기타,로티보이춘천점
기타,라데나골프클럽(Nature)
기타,라데나골프클럽(Garden)
기타,태리로제춘천강원대점
기타,꺄호(carreau)
기타,역전솥뚜껑삼겹살
기타,그랑블루(바다향기칼국수)
기타,공감
기타,88포장마차
기타,101번지남산돈까스이마트춘천점
기타,레이아웃
기타,청사초롱
기타,연경손만두
기타,위시
기타,콘스델리춘천시청점
기타,대청마루거두점
기타,풀사이드
기타,페티엉 P'etillant
기타,후평고깃집
기타,보디
기타,삼태기
기타,흥주푸드
기타,역전할머니맥주춘천애막골점
기타,효자곳간
기타,리프(leaf)
기타,왕빈자삼파전
기타,강촌또오리
기타,호주에서온스시
기타,일단지시장돈까스
기타,카페캐빈
기타,화양연화커피
기타,어라운드마켓
기타,춘천숯불닭갈비
기타,부스부스
기타,백리옥
기타,숲소리담은차
기타,폭풍장어
기타,주식회사소울로스터리
기타,디어라운더
기타,정스커피로스터스
기타,메가박스남춘천점
기타,브릭스트릿카페(Brick Street Cafe)
기타,라르고
기타,네모커피(Nemo coffee)
기타,무사피르(MUSAFIR)
기타,정족리동치미카페도씨
기타,오심오
기타,나비드
기타,뽁밥
기타,가평솥뚜껑닭볶음탕춘천점
기타,경안
기타,셰프의연어
기타,선주가남춘천역점
기타,일미에프앤비
기타,자가제빵선명희피자춘천효자점
기타,밀앤커피
기타,핵밥춘천명동점
기타,불스커피로스터스
기타,밍구네해물포차
기타,온이
기타,감자밭카페
기타,파인트리
기타,크레이지빙수춘천당충전핫플점
기타,인생건어물맥주춘천퇴계점
기타,소램360양식당
기타,더로컬
기타,까페마루
기타,아사도(ASADO)
기타,쌩김치찜
기타,고연본점
기타,춘천냉삼회관
기타,자매칼국수
기타,비욘드
기타,케이푸드(K- 푸드)
기타,시민커피
기타,바이트앤다이브
기타,미소만족
기타,로컬가치연구소 호미
기타,수향흑염소장학점
기타,부어치킨우두점
기타,블래터
기타,성수커피
기타,르규옹
기타,오늘은삼겹살
기타,육회만드는사람들
기타,오월고기집
기타,카페유나브라이튼춘천점(Caffe Youna Brighton)
기타,해산해물찜
기타,제주일품순대국
기타,딘
기타,육회본가후평점
기타,광장먹거리
기타,아주르봄(ajourBom)
기타,오늘춘천
기타,쌈촌CGV석사점
기타,소근소근사랑방
기타,한가족숯불닭갈비
기타,설악막국수춘천닭갈비강촌점
기타,일공공샤브앤드편백찜춘천점
기타,믹스테이블리저브(MIX TABLE RESERVE)
기타,샐러바웃샐러드앤드포케후평점
기타,장원식당
기타,에딧플레이버
기타,카페리베
기타,주)춘천시민장례식장
기타,준희얼큰이족탕
기타,핀든하우스
기타,클릭
기타,유유네
기타,현대메밀
기타,스크린그늘집
기타,온반
기타,만두야
기타,웅치킨호프
기타,홍게대게직판장
기타,곱창수월래
기타,꽃이다
기타,헬로베이크샵
기타,하이덕
기타,금선식당
기타,고향생고기춘천점
기타,칠전옛날통닭
기타,커피통
기타,호천당춘천퇴계점
기타,빌리비
기타,티라미수1호점
기타,타코페퍼
기타,경서재
기타,우두동가보자토종순대국밥
기타,분식집에하숙하는붕어빵
기타,블랑제리331
기타,달리는커피춘천석사점
기타,카페96
기타,주류상회비춘천점
기타,돼지꿈
기타,화돈가든
기타,개미다실
기타,봄내포장마차
기타,바우네나주곰탕춘천퇴계점
기타,대관령만두
기타,소셜하우스
기타,정성카츠춘천효자점
기타,명륜진사갈비후평점
기타,그랑그릴
기타,보샬레
기타,으뜸갈비랑붕어네치킨&대단한요거트춘천온의점
기타,불난집
기타,오이소
기타,브라보스크린골프춘천만천점그늘집
기타,공간모음
기타,호미앤멜로우
기타,버터하우스
기타,항아리
기타,대파촌춘천석사상회점
기타,쭈꾸미638
기타,불란서홍차
기타,존버당
기타,까페외솔길
기타,춘천통큰포차
기타,러스틱문(rusticmoon)
기타,오브에스프레소바&레브케이크
기타,어트러스
기타,데이빗
기타,카페메이트
기타,닭발연구소춘천점
기타,카페슬로울리
기타,위위하우스
기타,버터볼커피
기타,세실리아
기타,시나브로
기타,메타라운지
기타,이차로
기타,일월육일춘천공지천점
기타,오아케이크
기타,한여름밤
기타,레이지타임
기타,완미족발
기타,육칠이 춘천점
기타,본죽&비빔밥 춘천석사에버빌점
기타,엠에스티(MST)
기타,상미
기타,베스트프렌즈
기타,뚱땡이버거
기타,과일사탕1015
기타,나들목1989강원대점
기타,배달5삼겹푸드
기타,커피니남춘천역점
기타,바다수퍼해물천하조개구이찜춘천점
기타,맛보리
기타,빅스타피자춘천우두
기타,미성카츠
기타,남춘천호반닭갈비
기타,든든
기타,메가엠지씨커피춘천봄내초점
기타,와사비
기타,대박이네막창거두리점
기타,이삭토스트강원대점
기타,도그도그
기타,폴라리스
기타,세이(Say)
기타,강촌해장국
기타,미돈
기타,생삼겹구루요선점
기타,둥베이양꼬치왕냉면
기타,책방달방
기타,더니어
기타,만천식당
기타,두리기갈매기살
기타,코이부
기타,크래프트한스춘천시청점
기타,로드힐스스타트1
기타,033다이닝(Dining)
기타,빈체로(Vincero)
기타,예원참숯닭갈비
기타,오돼지국밥
기타,지나오다
기타,피플스클럽
기타,불티나
기타,하얼빈양꼬치
기타,미소야춘천석사점
기타,메이샤1990
기타,로드힐스지씨점
기타,서리맥주
기타,돼지한마리우두점
기타,소근소근
기타,슬로우데이(slowday)
기타,피자스쿨춘천한림대점
기타,포케올데이 춘천점
기타,피자래빗
기타,르몽라셰(Le Montrachet)
기타,꽈베르마망
기타,정통매운갈비찜
기타,용길이네국밥집춘천1호점
기타,메이카드
기타,금박힐링센터
기타,탐앤탐스레스토랑
기타,문배마을신가네
기타,카페789
기타,설빙춘천점
기타,춘천언덕숯불닭갈비
기타,세레니티강촌CC스타트하우스
기타,세레니티강촌CC클럽하우스
기타,라이키
기타,양지뜨락
기타,리퍼블릭
기타,하루
기타,소소오뎅
기타,팔호냉삼집거두리점
기타,루트나인
기타,모리
기타,바다가 내손아귀
기타,카페 빈티지
기타,컴포즈커피춘천장학점
기타,수미상회
기타,미사옥춘천엔타
기타,소확행피자춘천광장점
기타,한양마차
기타,바이오카페
기타,노아
기타,엘로시오
기타,와이어드커피
기타,육경
기타,가미닭갈비
기타,이디야커피춘천순환로DI점
기타,남경막국수 가족3
기타,트레비어(춘천거두리점)
기타,번쩍피자춘천점
기타,카츠탄탄춘천점
기타,748커피앤코(coffee&co)
기타,신북농협한우프라자
기타,임가네
기타,수참치
기타,강촌닭갈비삼겹살집
기타,선미식당
기타,동네맥주집
기타,행복한마라탕
기타,전상철갈비탕집
기타,핸드썸메이드커피로스터스
기타,까멜리아
기타,툇골550
기타,모퉁이
기타,한량
기타,최가네진순두부
기타,알베로
기타,섬향기
기타,청춘봄봄
기타,샘필드
기타,간이역(퇴계골목역점)
기타,핸디우디
기타,빽다방춘천명동점
기타,더킹(THE KING)
기타,발바닥애견카페
기타,소풍앤리조트
기타,왓더버거춘천후평점
기타,차이웍
기타,퇴계집김치말이찜
기타,파이어메이플캠핑장
기타,북달달
기타,크래프트한스온의점
기타,신깡통뒷고기춘천강원대점
기타,에그2000춘천점
기타,동하관온의점
기타,훗(Hoot)
기타,권바우부대찌개
기타,라비에벨듄스코스대식당
기타,라비에벨듄스코스14T그늘집식당
기타,라비에벨듄스코스4T그늘집식당
기타,수옛날통닭한림대점
기타,롭앤로비나(LOB&ROBINA)
기타,본죽(온의점)
기타,풀문(Full Moon)
기타,휴카페
기타,들꽃
기타,뚝배기양평해장국 춘천효자점
기타,두가지딜리버리
기타,황금코다리춘천점
기타,디에스푸드(DS FOOD)
기타,춘젤라또
기타,더조은명가손만두우두점
기타,우정가
기타,구가네찹쌀탕수육
기타,바텐더(Bar 10 Der)
기타,소양가든
기타,샤브마니아춘천우두점
기타,피자피크춘천점
기타,춘천본가닭갈비
기타,고향산천
기타,타코로후평점
기타,더벤티롯데마트춘천점
기타,카페자작
기타,카페하루
기타,옐로스톤
기타,풍경1961
기타,홀인원
기타,륭림닭발1호점
기타,비엔아이미니바(B&I미니바)
기타,카페뜰
기타,니뽕내뽕춘천명동점
기타,볶덖방
기타,알프하우스
기타,모카옌1878
기타,미스터봉
기타,와이파이전
기타,주식회사 더존비즈온
기타,데일리
기타,셰프의연어
기타,반게반게
기타,골목횟집
기타,보라시골
기타,느린밀
기타,송비카페
기타,커피나인아이엠씨
기타,휴게소춘천점
기타,춘천장어직판장
기타,61
기타,제이제이식당
기타,춘천로81
기타,센트럴
기타,샵샵
기타,몬스터오리
기타,블루몽크
기타,예와생스튜디오카페
기타,나비야
기타,롤링파스타춘천명동점
기타,최가네해장국본점
기타,카페롭(LOB)
기타,일신온열찜질카페
기타,마실자리
기타,토끼굴뮤직타운
기타,명륜진사갈비거두사거리점
기타,피제이
기타,비어하우스
기타,태양부양꼬치거두직영점
기타,쿠잉(Cafe cooing)
기타,국밥참맛있는집춘천퇴계점
기타,네이처푸드테라스
기타,부추집본가
기타,해성장어
기타,피자꾼춘천점
기타,카페올리브
기타,분덕스
기타,핵밥 춘천 장학점
기타,카페WLCM
기타,꼬꼬닭발
기타,펍앤바449st
기타,백일칼국수춘천우두점
기타,인올아웃커피
기타,베이크베니
기타,해두리치킨 명동점
기타,아글라오네마
기타,우드바이브스와히어리
기타,육회바른연어춘천한숲시티점
기타,따봉곱창순대
기타,카페프리비아(cafe PRIVIA)
기타,원(ONE)
기타,콩스키친
기타,라토피아(La Topia)
기타,해피다이너
기타,바오밥나무는그리움이래
기타,감동피자춘천명동점
기타,따끈상회
기타,태평소우두점
기타,콘파티
기타,언니네뒷고기
기타,깻잎두마리치킨
기타,도스마스강대점
기타,플로리나(Florina)
기타,강가
기타,천하치킨
기타,스마일커피
기타,퇴계로93
기타,피맥하우스춘천점
기타,진가네왕족발
기타,훈연고기
기타,넘버25호텔남춘천점
기타,한상가득거두점
기타,카페오픈
기타,향온테라스
기타,보니타샌드위치
기타,인터스텔라일마래
기타,커피홀의암스카이워크점
기타,다락방
기타,마라홀릭마라탕퇴계석사점
기타,헬로데일리그린
기타,커피첼리비파파
기타,춘천두레소비자생활협동조합
기타,스노우가든
기타,강가에닭갈비(강가에포차)
기타,장호덕 손만두
기타,고니아커피(GONIA COFFEE)
기타,그래도좋아회(본점)
기타,어반스트릿
기타,투썸플레이스춘천사농점(2)
기타,녹색시간
